﻿<?xml version="1.0" encoding="utf-8" ?>
<RegEx>
  <Expression Group="Misc">
    <Pattern><![CDATA[(25[0-5]|2[0-4][0-9]|[01]?[0-9][0-9]?)\.(25[0-5]|2[0-4][0-9]|[01]?[0-9][0-9]?)\.(25[0-5]|2[0-4][0-9]|[01]?[0-9][0-9]?)\.(25[0-5]|2[0-4][0-9]|[01]?[0-9][0-9]?)]]></Pattern>
    <Description>IP Address - 255.255.255.0</Description>
  </Expression>
  <Expression Group="Misc">
    <Pattern><![CDATA[(?:\d{1,3}\.){3}\d{1,3}]]></Pattern>
    <Description>IP Address - Basic - 999.999.999.999</Description>
  </Expression>
  <Expression Group="Email">
    <Pattern>
      <![CDATA[(?:[a-z0-9!#$%&'*+/=?^_`{|}~-]+(?:\.[a-z0-9!#$%&'*+/=?^_`{|}~-]+)*|"(?:[\x01-\x08\x0b\x0c\x0e-\x1f\x21\x23-\x5b\x5d-\x7f]|\\[\x01-\x09\x0b\x0c\x0e-\x7f])*")@(?:(?:[a-z0-9](?:[a-z0-9-]*[a-z0-9])?\.)+[a-z0-9](?:[a-z0-9-]*[a-z0-9])?|\[(?:(?:25[0-5]|2[0-4][0-9]|[01]?[0-9][0-9]?)\.){3}(?:25[0-5]|2[0-4][0-9]|[01]?[0-9][0-9]?|[a-z0-9-]*[a-z0-9]:(?:[\x01-\x08\x0b\x0c\x0e-\x1f\x21-\x5a\x53-\x7f]|\\[\x01-\x09\x0b\x0c\x0e-\x7f])+)\])]]>
    </Pattern>
    <Description>Email - Official Standard RFC 2822</Description>
  </Expression>
  <Expression Group="Email">
    <Pattern><![CDATA[[A-Z0-9._%+-]+@(?:[A-Z0-9-]+\.)+[A-Z]{2,4}]]></Pattern>
    <Description>Email - Basic</Description>
  </Expression>
  <Expression Group="Email">
    <Pattern><![CDATA[[a-z0-9!#$%&'*+/=?^_`{|}~-]+(?:\.[a-z0-9!#$%&'*+/=?^_`{|}~-]+)*@(?:[a-z0-9](?:[a-z0-9-]*[a-z0-9])?\.)+[a-z0-9](?:[a-z0-9-]*[a-z0-9])]]></Pattern>
    <Description>Email</Description>
  </Expression>
  <Expression Group="Web">
    <Pattern><![CDATA[(http|https|ftp)\://[a-zA-Z0-9\-\.]+\.[a-zA-Z]{2,3}(:[a-zA-Z0-9]*)?/?([a-zA-Z0-9\-\._\?\,\'/\\\+&amp;%\$#\=~])*]]></Pattern>
    <Description>URI with protocol (http://www.idlebit/regex) </Description>
  </Expression>
  <Expression Group="Web">
    <Pattern><![CDATA[([a-zA-Z0-9]([a-zA-Z0-9\-]{0,61}[a-zA-Z0-9])?\.)+[a-zA-Z]{2,6}]]></Pattern>
    <Description>Domain name - www.idlebit.es</Description>
  </Expression>
  <Expression Group="Basic types">
    <Pattern><![CDATA[((\b[0-9]+)?,)?[0-9]+\b]]></Pattern>
    <Description>Number - Basic - 1234,56</Description>
  </Expression>
  <Expression Group="Basic types">
    <Pattern><![CDATA[[-]?([1-9]{1}[0-9]{0,}(,[0-9]{1,})?|0(,[0-9]{1,})?|,[0-9]{1,})]]></Pattern>
    <Description>Number - -1234,56</Description>
  </Expression>
  <Expression Group="Dates">
    <Pattern><![CDATA[(((0[1-9]|[12]\d|3[01])\/(0[13578]|1[02])\/((1[6-9]|[2-9]\d)\d{2}))|((0[1-9]|[12]\d|30)\/(0[13456789]|1[012])\/((1[6-9]|[2-9]\d)\d{2}))|((0[1-9]|1\d|2[0-8])\/02\/((1[6-9]|[2-9]\d)\d{2}))|(29\/02\/((1[6-9]|[2-9]\d)(0[48]|[2468][048]|[13579][26])|((16|[2468][048]|[3579][26])00))))]]></Pattern>
    <Description>Date - 29/02/2012</Description>
  </Expression>
  <Expression Group="Dates">
    <Pattern><![CDATA[(0[1-9]|[12][0-9]|3[01])/(0[1-9]|1[012])/(19|20)\d\d]]></Pattern>
    <Description>Date - Basic - 30/02/2012</Description>
  </Expression>
  <Expression Group="Misc">
    <Pattern><![CDATA[[0-9A-F]{8}-[0-9A-F]{4}-[0-9A-F]{4}-[0-9A-F]{4}-[0-9A-F]{12}]]></Pattern>
    <Description>GUID - 4C428BF7-9CB6-44BD-9CCC-24160FC51C80</Description>
  </Expression>
  


</RegEx>