﻿<?xml version="1.0" encoding="utf-8" ?>
<Rules FriendlyName="SOLID Rules">
	<Rule TypeName="SingleResponsibility" Category="Design" CheckId="IB001">
		<Name>Single Responsibility Principle</Name>
		<Description>Every object should have a single responsibility, and that responsibility should be entirely encapsulated by the class.</Description>
		<Owner>IdleBit</Owner>
		<Url>http://www.idlebit.es/2010/07/25/reglas-personalizadas-para-fxcop</Url>
		<Resolution>'{0}' has {1} public or protected methods. A class or module should have one, and only one, reason to change. Refactor into new classes.</Resolution>
		<Email></Email>
		<MessageLevel Certainty="99">Warning</MessageLevel>
		<FixCategories>NonBreaking</FixCategories>
	</Rule>
</Rules>